{
  "title": "CreateBookRequest",
  "$id": "http://example.com/schemas/CreateBookRequest.json",
  "$schema": "http://json-schema.org/draft-07/schema#",
  "type": "object",
  "description": "Request message for LibraryService.CreateBook.",
  "properties": {
    "name": {
      "title": "name",
      "type": "string",
      "description": "The name of the shelf in which the book is created."
    },
    "book": {
      "description": "The book to create.",
      "$ref": "http://example.com/schemas/Book.json"
    }
  }
}
