{
  "title": "ListShelvesRequest",
  "$id": "http://example.com/schemas/ListShelvesRequest.json",
  "$schema": "http://json-schema.org/draft-07/schema#",
  "type": "object",
  "description": "Request message for LibraryService.ListShelves.",
  "properties": {
    "pageSize": {
      "title": "pageSize",
      "type": "integer",
      "description": "Requested page size. Server may return fewer shelves than requested. If unspecified, server will pick an appropriate default.",
      "format": "int32"
    },
    "pageToken": {
      "title": "pageToken",
      "type": "string",
      "description": "A token identifying a page of results the server should return. Typically, this is the value of [ListShelvesResponse.next_page_token][google.example.library.v1.ListShelvesResponse.next_page_token] returned from the previous call to `ListShelves` method."
    }
  }
}
