{
  "title": "UpdateBookRequest",
  "$id": "http://example.com/schemas/UpdateBookRequest.json",
  "$schema": "http://json-schema.org/draft-07/schema#",
  "type": "object",
  "description": "Request message for LibraryService.UpdateBook.",
  "properties": {
    "name": {
      "title": "name",
      "type": "string",
      "description": "The name of the book to update."
    },
    "book": {
      "description": "The book to update with. The name must match or be empty.",
      "$ref": "http://example.com/schemas/Book.json"
    }
  }
}
