{
  "main.js": {
    "src": "js/main-fbb9c8b0.bundle.min.js",
    "integrity": "sha512-a2U9t8fDfYhGDxgtKVGnpqn5xiV2TZUXIko+ssEDtNhykeqGTRNCAnfvR78chHjMcgjDfsJaLVCmtxFaHN48Qw=="
  },
  "colortheme.js": {
    "src": "js/colortheme-d3e4d351.bundle.min.js",
    "integrity": "sha512-HpQogL/VeKqG/v1qYOfJOgFUzBnQvW4yO4tAJO+54IiwbLbB9feROdeaYf7dpO6o5tSHsSZhaYLhtLMRlEgpJQ=="
  },
  "mermaid.js": {
    "src": "js/mermaid-793cb063.bundle.min.js",
    "integrity": "sha512-HPd4f1CYkhokX8nGcu0epHEbYpRoDdMa1yMHlSxn/YS75a8r/FJwsFIgpzRpvJK2oyBq17Knm2SqzVPxqAfnWw=="
  },
  "katex.js": {
    "src": "js/katex-d4d5881d.bundle.min.js",
    "integrity": "sha512-M8CLtMTu/HVXo11Et+lv3OqPanLf5Bl+GljNAn2yQuLclg/ZpZK1KUpHDRsZJhmkhCcCH90+bVj5CW3lLlmBgg=="
  },
  "search.js": {
    "src": "js/search-83320133.bundle.min.js",
    "integrity": "sha512-CwGkjWp7KsLGb36oWvVd0rLIzoUlHyaE6vAAciDmALP2/NgxSc/ue1skuL9vSbUZPmF2N2UduWcM0Mda6N6u1w=="
  },
  "js/637-3456bdaf.chunk.min.js": {
    "src": "js/637-3456bdaf.chunk.min.js",
    "integrity": "sha512-UMuuH7LbCteTrG0tMOpePGJoKw6qcLCEkIZmjiDLFdqQNdVKqn1opPgR8rVDWA6D/KACwKfgMBUs0BqCVdc10Q=="
  },
  "js/116-341f79d9.chunk.min.js": {
    "src": "js/116-341f79d9.chunk.min.js",
    "integrity": "sha512-F7tq1KsF5mnJl0AAA6x2jZcx8x69kEZrUIZJJM4RZ1KlEO79yrrFHf4CZRvhNrYOxmkBpkQ84U9J0vFtRPKjTw=="
  },
  "js/648-d659639f.chunk.min.js": {
    "src": "js/648-d659639f.chunk.min.js",
    "integrity": "sha512-3yvwlZ1zvq7pPSC4bHaBaVeM7BJIcQNtKZafDUjiiTmuGkl0GCG/lo7IHqCy4DATByB++SsQemns82WkZRP1iQ=="
  },
  "js/177-040c64bb.chunk.min.js": {
    "src": "js/177-040c64bb.chunk.min.js",
    "integrity": "sha512-gcZ67pga5Idzy8pmxtsEju9ar4F4DNzDzt/iD2kOYz0ObBI4lCEZbhx3Tmt3noHf6jOVn2Tg8xMpc5CK5Q67Dg=="
  },
  "js/209-c3adcb05.chunk.min.js": {
    "src": "js/209-c3adcb05.chunk.min.js",
    "integrity": "sha512-vfTsYsjO6NmUUMcd6r7Dx83DQTO4BwesDgaMYpOQ54q3pv8C55ftoXBzG954A1NCf3trEHYbAgykICPAcfh5pg=="
  },
  "js/435-486719a5.chunk.min.js": {
    "src": "js/435-486719a5.chunk.min.js",
    "integrity": "sha512-W4Tp/iorM1RHf3PEovKWYj4aaQUNGTBKf8a6MVvLNHD/3wOlVsroa4t8Fbrh0X9wbjS/4vV+n/ZoLzLMpNkcNw=="
  },
  "js/978-b383dcdf.chunk.min.js": {
    "src": "js/978-b383dcdf.chunk.min.js",
    "integrity": "sha512-TM3uOJ+vDLWxizhdZU7S1K/IcpDqCFEVxuXnIjtjEy2VCWkgJNPaSyCcHD15vCTstHSEWNxedYH22HWx8wNqJQ=="
  },
  "js/670-b8cde8a2.chunk.min.js": {
    "src": "js/670-b8cde8a2.chunk.min.js",
    "integrity": "sha512-FtfvbDgRlrJYVLWNQ4DgImAAU1nxFhUg/a8VH3GzX4dbSzuEp+vDSC2+Qx2xXPpzyOyAGDFS+IZ16hzQbdJEYA=="
  },
  "js/880-5781b8a1.chunk.min.js": {
    "src": "js/880-5781b8a1.chunk.min.js",
    "integrity": "sha512-kdTmXK1ytTO35zmT+Nf4sx9bk0YQDWbBXFviDxLlQwwLWjB0LJkSUqBPAkgalq3JzbD9uYJ6L2/ed9qwGVDRmA=="
  },
  "js/851-43fe3c07.chunk.min.js": {
    "src": "js/851-43fe3c07.chunk.min.js",
    "integrity": "sha512-x1s+neHCeiaYPKKmNQb/1HJfjJbO1mGuixEilaOUrUuynzt88NtlJyY22pb8IDLb4s4VibzIIxdFgLVEEPj9vQ=="
  },
  "js/311-5bd6ac4e.chunk.min.js": {
    "src": "js/311-5bd6ac4e.chunk.min.js",
    "integrity": "sha512-J43PbJRCfZkAYH2M5lIECYBMvhN4UOYauHU8Zf+/s1AxRdxB3jpofMQ7Pai2QOwNHY41jvQTbvdfxg77Nf2aiQ=="
  },
  "js/422-156f22f0.chunk.min.js": {
    "src": "js/422-156f22f0.chunk.min.js",
    "integrity": "sha512-nlrN0J0lV4en33le/JB83qBZuJJ0WrUZvXH1uumODl4i0GvlmTHyw5kzr0XJMWQ5iMH/q6RKFRxImVs3kxMizA=="
  },
  "js/770-a679cffc.chunk.min.js": {
    "src": "js/770-a679cffc.chunk.min.js",
    "integrity": "sha512-WZTbwIWneVzWtXLI4EQX4E1tGi/hQSg8Vn+SfF6M8GVcQo+26VMya3j/xTD2TsUIT2hTco03jsBQw3bsM9Y6WQ=="
  },
  "js/861-619d670c.chunk.min.js": {
    "src": "js/861-619d670c.chunk.min.js",
    "integrity": "sha512-kR1zhP3F6BsYMjjqitEUOVsdY4If1/0Qb6mqnlKb3AqKQGV6u3UPNIMfJqDlSEKM56WHYg3rw01F0ZsLEaiyjQ=="
  },
  "js/604-5faadc0f.chunk.min.js": {
    "src": "js/604-5faadc0f.chunk.min.js",
    "integrity": "sha512-UstbLPddQKLL1VKMCKG7sihjDpVwkOt6ru6mdBpuVDDxCzcH7GqAeHCoz+1MhD7g2cqWQr6cySbIfEkJuGfhDQ=="
  },
  "js/120-8522b24e.chunk.min.js": {
    "src": "js/120-8522b24e.chunk.min.js",
    "integrity": "sha512-/tp0edPTbuSOaN9dXy7L5VPGrnf2PgmD5GAU6YkzOopfp/6/zo0SARyexa3nW7MbDd8/feBxicB3uWJ3CUR0eA=="
  },
  "js/980-8efa2815.chunk.min.js": {
    "src": "js/980-8efa2815.chunk.min.js",
    "integrity": "sha512-P8CC3AucR2YCjNr/h+SK7QWmtUi8x+SJeEcNaORPrOC2b5wLp5HP82op3uY6KCJpy/X+RwHAh5+1kQllk+7zWw=="
  },
  "js/246-0f95be8b.chunk.min.js": {
    "src": "js/246-0f95be8b.chunk.min.js",
    "integrity": "sha512-dDFW6K6oWIqfoAkOdw5Dy7c+BbeW+vexKqwOZ8LycSwskw5nt18dbiOBvvzpYPc9QTcBTPLzQpS5qYIAvwIKgA=="
  },
  "js/522-68ed520b.chunk.min.js": {
    "src": "js/522-68ed520b.chunk.min.js",
    "integrity": "sha512-/P1mj0E7NxQScta+RTltcuFgTKB8p8p6BcS2e+8xQTTamB5Y66LwRvRQkJJR7BwKnAOYg/wteYx+2nggdZvg2g=="
  },
  "js/684-c45993cc.chunk.min.js": {
    "src": "js/684-c45993cc.chunk.min.js",
    "integrity": "sha512-oH4BihtlUrFIrpNWkLSj54g+7nhb0sLLpqQ/lvl9c4I4rvX8bCJOPhYGsitAi15C/Y0p9FDS6vOYNkQBMbs9PA=="
  },
  "js/968-bb8c6ba1.chunk.min.js": {
    "src": "js/968-bb8c6ba1.chunk.min.js",
    "integrity": "sha512-cm2cz+wFccD8GP2xYt8PifTCnkFw9SB6FSL7+ABEsFu+tY9ip1lwY3YwUA6i+8XNtYpnAGWdUZ0xabY5/jWJVQ=="
  },
  "js/451-2756cb7b.chunk.min.js": {
    "src": "js/451-2756cb7b.chunk.min.js",
    "integrity": "sha512-0c1iHphy/QmCVLIQR+RZ5DpvVu5yw0eeHsFfd1trAWB1nQytTT1sfEir/VGUr6aFN7IUoKyCmAFhUQWHXDUbsQ=="
  },
  "js/105-7a46a89c.chunk.min.js": {
    "src": "js/105-7a46a89c.chunk.min.js",
    "integrity": "sha512-w64UmOAYycHbjnSB3zVqGLHAZ4TuGsWCUFzyKLpeaod5teMbM85cJayL7mJji7VX3b0KT9+z4fcLB+zM73jAJw=="
  },
  "js/264-68fcc9b2.chunk.min.js": {
    "src": "js/264-68fcc9b2.chunk.min.js",
    "integrity": "sha512-SjbsecGF5NLaq+7l9x8NiEd9mSF3Rp8tZDDdU5kqNP3xMSoMerrkrYX75/FMqbXTsYcbtDbXdi7Zc0q/BOVG/g=="
  },
  "js/759-e5cc88d0.chunk.min.js": {
    "src": "js/759-e5cc88d0.chunk.min.js",
    "integrity": "sha512-lHPjZm8+hRuhdJIqf4CnZ1Yaj4+85GfdluJ3tBrWJJswMBMsfTFgRuHNS/FZ6JMKZjFWVAkvUN0BYB/hUyK48w=="
  },
  "js/796-b653a12b.chunk.min.js": {
    "src": "js/796-b653a12b.chunk.min.js",
    "integrity": "sha512-j1PUSeAbzXE5hBdK0Idd5tg47kwCgsDnUCAtdye88DupCyd9DJrGyDkttD7thrS8J+0w+AwDNGI9t92lZppF6w=="
  },
  "js/321-479928b6.chunk.min.js": {
    "src": "js/321-479928b6.chunk.min.js",
    "integrity": "sha512-ecxmk53LK2fIcezH+ohG4O2gNSdfmKmGsDZJHAaHPaffovv8i2kzy4Ox5UAb8ZZR5VBAGH3o/a7VPeChyqtvUQ=="
  },
  "js/902-7a89ddf4.chunk.min.js": {
    "src": "js/902-7a89ddf4.chunk.min.js",
    "integrity": "sha512-QSpPmcXhbEhXHzUtOYkt2tFzBQsS5HJGPeZti+EhjOci7idBMXKnfTYvdy8AbWNlZHcs++7Y0KXEHhZm7EJFSw=="
  },
  "main.scss": {
    "src": "main-ba0e2765.min.css",
    "integrity": "sha512-h7EvkyGW5yIpfNcu0wqf1U1eOFed2XIIpx+JSvv3wLmJu4H5Qaa+UmXAyYU5/BIW78AKPSmf9wPyonrv+PccWw=="
  },
  "katex.css": {
    "src": "katex-66092164.min.css",
    "integrity": "sha512-ng+uY3bZP0IENn+fO0T+jdk1v1r7HQJjsVRJgzU+UiJJadAevmo0gVNrpVxrBFGpRQqSz42q20uTre1C1Qrnow=="
  },
  "mobile.scss": {
    "src": "mobile-79ddc617.min.css",
    "integrity": "sha512-dzw2wMOouDwhSgstQKLbXD/vIqS48Ttc2IV6DeG7yam9yvKUuChJVaworzL8s2UoGMX4x2jEm50PjFJE4R4QWw=="
  },
  "print.scss": {
    "src": "print-735ccc12.min.css",
    "integrity": "sha512-c28KLNtBnKDW1+/bNWFhwuGBLw9octTXA2wnuaS2qlvpNFL0DytCapui9VM4YYkZg6e9TVp5LyuRQc2lTougDw=="
  },
  "custom.css": {
    "src": "custom.css",
    "integrity": "sha512-1kALo+zc1L2u1rvyxPIew+ZDPWhnIA1Ei2rib3eHHbskQW+EMxfI9Ayyva4aV+YRrHvH0zFxvPSFIuZ3mfsbRA=="
  }
}