{
  "title": "Book",
  "$id": "http://example.com/schemas/Book.json",
  "$schema": "http://json-schema.org/draft-07/schema#",
  "type": "object",
  "description": "A single book in the library.",
  "properties": {
    "name": {
      "title": "name",
      "type": "string",
      "description": "The resource name of the book. Book names have the form `shelves/{shelf_id}/books/{book_id}`. The name is ignored when creating a book."
    },
    "author": {
      "title": "author",
      "type": "string",
      "description": "The name of the book author."
    },
    "title": {
      "title": "title",
      "type": "string",
      "description": "The title of the book."
    },
    "read": {
      "title": "read",
      "type": "boolean",
      "description": "Value indicating whether the book has been read."
    },
    "borrow_time": {
      "title": "borrow_time",
      "readOnly": true,
      "type": "string",
      "description": "The previous borrowing timestamp.",
      "format": "date-time"
    },
    "created_at": {
      "title": "created_at",
      "readOnly": true,
      "type": "string",
      "description": "The creation date and time.",
      "format": "date-time"
    },
    "updated_at": {
      "title": "updated_at",
      "readOnly": true,
      "type": "string",
      "description": "The last update date and time.",
      "format": "date-time"
    }
  }
}
